{
    "algorithm": "RF",
    "timestamp": "20250320_160115",
    "metrics": {
        "accuracy": 89.3583935268656,
        "precision": 74.48625511454826,
        "recall": 87.88159915017229,
        "f1_score": 76.11512807247036
    }
}