{
    "algorithm": "SVM",
    "timestamp": "20250321_000041",
    "metrics": {
        "accuracy": 86.44946038990577,
        "precision": 82.98492925624274,
        "recall": 78.33964683552955,
        "f1_score": 89.76696014421582
    }
}