{
    "algorithm": "KNN",
    "timestamp": "20250320_235952",
    "metrics": {
        "accuracy": 86.06010596176755,
        "precision": 84.08075232895835,
        "recall": 87.10837455272582,
        "f1_score": 93.37925600785314
    }
}