{
    "algorithm": "SVM",
    "timestamp": "20250320_182039",
    "metrics": {
        "accuracy": 87.07255422711759,
        "precision": 79.2989526195579,
        "recall": 89.57287980716319,
        "f1_score": 94.13349836374566
    }
}