{
    "algorithm": "LR",
    "timestamp": "20250320_154516",
    "metrics": {
        "accuracy": 90.09880300218383,
        "precision": 92.71910828516236,
        "recall": 92.04247908740867,
        "f1_score": 74.87122344837506
    }
}